name,duration,split
Ani_1_01.wav,8.8,train
Ani_1_02.wav,9.8880625,train
Ani_1_03.wav,6.1440625,train
Ani_1_04.wav,6.2720625,train
Ani_1_05.wav,8.1280625,train
Ani_1_06.wav,6.4640625,train
Ani_1_07.wav,9.45975,train
Ani_2_01.wav,6.272,train
Ani_2_02.wav,9.2480625,train
Ani_2_03.wav,7.072,train
Ani_2_04.wav,6.3680625,train
Ani_2_05.wav,11.36,train
Ani_2_06.wav,10.8480625,train
Ani_2_07.wav,7.514875,train
Ani_3_01.wav,11.9038125,train
Ani_3_02.wav,8.5438125,train
Ani_3_03.wav,12.0,train
Ani_3_04.wav,6.3680625,train
Ani_3_05.wav,11.5838125,train
Ani_3_06.wav,6.183875,train
Ani_4_01.wav,8.96,train
Ani_4_02.wav,7.8080625,train
Ani_4_03.wav,8.9920625,train
Ani_4_04.wav,6.1760625,train
Ani_4_05.wav,9.7920625,train
Ani_4_06.wav,8.0960625,train
Ani_4_07.wav,8.1920625,train
Ani_4_08.wav,6.4320625,train
Ani_4_09.wav,6.3360625,train
Ani_4_10.wav,7.2716875,train
Ani_5_01.wav,6.944,train
Ani_5_02.wav,8.4480625,train
Ani_5_03.wav,6.2080625,train
Ani_5_04.wav,8.0640625,train
Ani_5_05.wav,6.0800625,train
Ani_5_06.wav,6.0480625,train
Ani_5_07.wav,6.9760625,train
Ani_5_08.wav,6.6479375,train
Kenshin_1_01.wav,7.2,train
Kenshin_1_02.wav,10.4640625,train
Kenshin_1_03.wav,7.0720625,train
Kenshin_1_04.wav,10.6880625,train
Kenshin_1_05.wav,11.2640625,train
Kenshin_1_06.wav,7.4240625,train
Kenshin_1_07.wav,11.3280625,train
Kenshin_1_08.wav,11.4560625,train
Kenshin_1_09.wav,6.3680625,train
Kenshin_1_10.wav,11.1360625,train
Kenshin_1_11.wav,6.9201875,train
Kenshin_2_01.wav,8.192,train
Kenshin_2_02.wav,7.3280625,train
Kenshin_2_03.wav,8.2240625,train
Kenshin_2_04.wav,7.2960625,train
Kenshin_2_05.wav,8.2240625,train
Kenshin_2_06.wav,9.2160625,train
Kenshin_2_07.wav,9.2800625,train
Kenshin_2_10.wav,4.9796875,train
Kenshin_2_11.wav,7.115125,train
Kenshin_3_01.wav,6.4,train
Kenshin_3_02.wav,8.7680625,train
Kenshin_3_03.wav,6.5920625,train
Kenshin_3_04.wav,6.5280625,train
Kenshin_3_05.wav,5.626125,train
Kenshin_3_06.wav,7.42,train
Kenshin_3_07.wav,6.6880625,train
Kenshin_3_08.wav,11.641375,train
Kenshin_4_01.wav,6.624,train
Kenshin_4_02.wav,8.9920625,train
Kenshin_4_03.wav,9.4400625,train
Kenshin_4_04.wav,10.7200625,train
Kenshin_4_05.wav,9.3120625,train
Kenshin_4_06.wav,6.7200625,train
Kenshin_4_07.wav,8.5120625,train
Kenshin_4_08.wav,7.6800625,train
Kenshin_4_09.wav,7.4240625,train
Kenshin_4_10.wav,7.0400625,train
Kenshin_4_11.wav,8.618875,train
Kenshin_5_01.wav,6.112,train
Kenshin_5_02.wav,6.7200625,train
Kenshin_5_03.wav,9.4080625,train
Kenshin_5_04.wav,10.8160625,train
Kenshin_5_05.wav,6.7840625,train
Kenshin_5_06.wav,6.4960625,train
Kenshin_5_07.wav,6.9120625,train
Kenshin_5_08.wav,7.6480625,train
Kenshin_5_09.wav,10.2080625,train
Kenshin_5_10.wav,9.7920625,train
Kenshin_5_11.wav,6.5920625,train
Kenshin_5_12.wav,10.3360625,train
Kenshin_5_13.wav,11.2253125,train
abjones_1_01.wav,11.616,test
abjones_1_02.wav,6.8800625,test
abjones_1_03.wav,7.1360625,test
abjones_1_04.wav,6.5600625,test
abjones_2_01.wav,6.56,test
abjones_2_02.wav,8.3840625,test
abjones_2_03.wav,10.1440625,test
abjones_2_04.wav,6.4640625,test
abjones_2_05.wav,6.2400625,test
abjones_2_06.wav,7.781625,test
abjones_2_07.wav,3.0784375,test
abjones_2_08.wav,6.2080625,test
abjones_2_09.wav,8.0320625,test
abjones_2_10.wav,8.8640625,test
abjones_2_11.wav,5.445625,test
abjones_2_12.wav,5.7293125,test
abjones_3_01.wav,8.896,test
abjones_3_02.wav,7.2320625,test
abjones_3_03.wav,7.7440625,test
abjones_3_04.wav,6.7840625,test
abjones_3_06.wav,7.4880625,test
abjones_3_09.wav,8.7040625,test
abjones_3_10.wav,6.8800625,test
abjones_3_11.wav,8.0640625,test
abjones_3_12.wav,7.2640625,test
abjones_3_14.wav,6.8173125,test
abjones_4_01.wav,7.008,test
abjones_4_02.wav,8.2560625,test
abjones_4_03.wav,11.0080625,test
abjones_4_04.wav,11.2960625,test
abjones_4_05.wav,7.5840625,test
abjones_4_06.wav,7.2320625,test
abjones_4_07.wav,7.5520625,test
abjones_4_08.wav,7.3709375,test
abjones_5_01.wav,8.48,test
abjones_5_02.wav,7.4880625,test
abjones_5_03.wav,7.0400625,test
abjones_5_04.wav,7.3600625,test
abjones_5_05.wav,11.7120625,test
abjones_5_06.wav,5.575,test
abjones_5_07.wav,6.602,test
abjones_5_08.wav,7.3600625,test
abjones_5_09.wav,8.4160625,test
amy_10_01.wav,8.768,test
amy_10_02.wav,10.3040625,test
amy_10_03.wav,6.1760625,test
amy_10_04.wav,6.3680625,test
amy_10_05.wav,6.9440625,test
amy_10_06.wav,8.2880625,test
amy_10_07.wav,9.4080625,test
amy_10_08.wav,8.1245,test
amy_11_01.wav,10.592,test
amy_11_02.wav,8.7040625,test
amy_11_03.wav,6.7200625,test
amy_11_04.wav,7.1040625,test
amy_11_05.wav,11.4240625,test
amy_11_06.wav,8.5440625,test
amy_11_07.wav,8.580375,test
amy_12_01.wav,10.112,test
amy_12_02.wav,8.0640625,test
amy_12_03.wav,8.6720625,test
amy_12_04.wav,8.7680625,test
amy_12_05.wav,8.4160625,test
amy_12_06.wav,10.3680625,test
amy_12_07.wav,8.471875,test
amy_13_01.wav,10.816,test
amy_13_02.wav,8.2560625,test
amy_13_03.wav,10.5600625,test
amy_13_04.wav,8.2880625,test
amy_13_05.wav,6.2720625,test
amy_13_06.wav,8.0320625,test
amy_13_07.wav,6.71625,test
amy_14_01.wav,11.936,test
amy_14_02.wav,10.3360625,test
amy_14_03.wav,6.9440625,test
amy_14_04.wav,8.0320625,test
amy_14_05.wav,10.7200625,test
amy_14_06.wav,10.5526875,test
amy_15_01.wav,8.736,test
amy_15_02.wav,11.9680625,test
amy_15_03.wav,6.9440625,test
amy_15_04.wav,8.9280625,test
amy_15_05.wav,11.3280625,test
amy_15_06.wav,5.058125,test
amy_15_07.wav,7.5853125,test
amy_15_08.wav,7.1040625,test
amy_15_09.wav,6.3360625,test
amy_15_11.wav,8.6400625,test
amy_15_12.wav,7.8080625,test
amy_15_13.wav,9.4530625,test
amy_16_01.wav,7.584,test
amy_16_02.wav,6.5600625,test
amy_16_03.wav,6.7200625,test
amy_16_04.wav,10.9760625,test
amy_16_05.wav,8.6720625,test
amy_16_06.wav,6.1440625,test
amy_16_07.wav,7.1360625,test
amy_16_08.wav,9.1185625,test
amy_1_01.wav,11.36,test
amy_1_02.wav,9.8560625,test
amy_1_03.wav,11.9040625,test
amy_1_04.wav,8.7360625,test
amy_1_05.wav,6.0764375,test
amy_1_06.wav,4.8454375,test
amy_1_07.wav,9.255125,test
amy_2_01.wav,9.408,test
amy_2_02.wav,9.0880625,test
amy_2_03.wav,6.0480625,test
amy_2_04.wav,8.9920625,test
amy_2_05.wav,6.0480625,test
amy_2_06.wav,8.7360625,test
amy_2_07.wav,9.074125,test
amy_3_01.wav,6.528,test
amy_3_02.wav,9.1520625,test
amy_3_03.wav,6.7840625,test
amy_3_04.wav,11.5840625,test
amy_3_05.wav,7.9680625,test
amy_3_06.wav,8.3200625,test
amy_3_07.wav,7.2320625,test
amy_3_08.wav,6.433,test
amy_4_01.wav,8.0,test
amy_4_02.wav,6.9440625,test
amy_4_03.wav,7.5840625,test
amy_4_04.wav,6.3680625,test
amy_4_05.wav,6.7200625,test
amy_4_06.wav,6.5920625,test
amy_4_07.wav,8.8640625,test
amy_4_08.wav,7.3280625,test
amy_4_09.wav,11.7120625,test
amy_4_10.wav,10.2720625,test
amy_4_11.wav,7.2181875,test
amy_5_01.wav,11.328,test
amy_5_02.wav,9.3760625,test
amy_5_03.wav,7.4560625,test
amy_5_04.wav,7.5200625,test
amy_5_05.wav,6.0160625,test
amy_5_06.wav,6.0480625,test
amy_5_07.wav,10.6880625,test
amy_5_08.wav,6.559625,test
amy_6_01.wav,6.144,test
amy_6_02.wav,6.0480625,test
amy_6_03.wav,6.6560625,test
amy_6_04.wav,6.1440625,test
amy_6_05.wav,6.2400625,test
amy_6_06.wav,6.1760625,test
amy_6_07.wav,6.1120625,test
amy_6_08.wav,7.6800625,test
amy_6_09.wav,8.8320625,test
amy_6_10.wav,11.8720625,test
amy_6_11.wav,7.8765,test
amy_7_01.wav,6.304,test
amy_7_02.wav,11.6160625,test
amy_7_03.wav,6.7840625,test
amy_7_04.wav,6.2080625,test
amy_7_05.wav,11.2640625,test
amy_7_06.wav,7.8080625,test
amy_7_07.wav,6.8160625,test
amy_7_08.wav,7.79225,test
amy_8_01.wav,10.88,test
amy_8_02.wav,7.9360625,test
amy_8_03.wav,10.8800625,test
amy_8_04.wav,6.7840625,test
amy_8_05.wav,8.8000625,test
amy_8_06.wav,9.3120625,test
amy_8_07.wav,7.5200625,test
amy_8_08.wav,9.13375,test
amy_9_01.wav,8.672,test
amy_9_02.wav,8.3200625,test
amy_9_03.wav,6.5600625,test
amy_9_04.wav,9.8560625,test
amy_9_05.wav,8.2560625,test
amy_9_06.wav,6.4960625,test
amy_9_07.wav,6.6240625,test
amy_9_08.wav,6.1440625,test
amy_9_09.wav,6.2918125,test
annar_1_01.wav,6.752,train
annar_1_02.wav,9.7280625,train
annar_1_03.wav,6.8800625,train
annar_1_04.wav,5.2160625,train
annar_1_05.wav,9.9520625,train
annar_1_06.wav,4.9920625,train
annar_1_07.wav,6.5920625,train
annar_1_08.wav,6.8104375,train
annar_2_01.wav,5.312,train
annar_2_02.wav,8.3520625,train
annar_2_03.wav,9.6960625,train
annar_2_04.wav,8.0320625,train
annar_2_05.wav,9.6000625,train
annar_2_06.wav,8.8320625,train
annar_2_07.wav,5.3120625,train
annar_2_08.wav,6.8118125,train
annar_3_01.wav,6.272,train
annar_3_02.wav,5.9520625,train
annar_3_03.wav,5.8560625,train
annar_3_04.wav,5.8560625,train
annar_3_05.wav,5.3120625,train
annar_3_06.wav,6.3680625,train
annar_3_07.wav,5.2800625,train
annar_3_08.wav,5.22625,train
annar_4_01.wav,7.648,train
annar_4_02.wav,5.1200625,train
annar_4_03.wav,9.8880625,train
annar_4_04.wav,6.0160625,train
annar_4_05.wav,5.2160625,train
annar_4_06.wav,9.4080625,train
annar_4_07.wav,5.6320625,train
annar_4_08.wav,5.3120625,train
annar_4_09.wav,9.99525,train
annar_5_01.wav,5.472,train
annar_5_02.wav,6.6240625,train
annar_5_03.wav,5.9520625,train
annar_5_04.wav,9.5040625,train
annar_5_05.wav,5.5360625,train
annar_5_06.wav,9.5680625,train
annar_5_07.wav,6.3360625,train
annar_5_08.wav,6.4640625,train
annar_5_09.wav,6.7153125,train
ariel_1_01.wav,9.216,train
ariel_1_02.wav,9.6000625,train
ariel_1_03.wav,10.1440625,train
ariel_1_04.wav,7.5520625,train
ariel_1_05.wav,7.9360625,train
ariel_1_06.wav,10.1440625,train
ariel_1_07.wav,6.6065625,train
ariel_2_01.wav,6.688,train
ariel_2_02.wav,6.5600625,train
ariel_2_03.wav,7.0400625,train
ariel_2_04.wav,6.6880625,train
ariel_2_05.wav,6.5600625,train
ariel_2_06.wav,10.0160625,train
ariel_2_07.wav,10.2400625,train
ariel_2_08.wav,7.5840625,train
ariel_2_09.wav,6.85625,train
ariel_3_01.wav,9.184,train
ariel_3_02.wav,9.4080625,train
ariel_3_03.wav,8.6400625,train
ariel_3_04.wav,8.4480625,train
ariel_3_05.wav,7.1360625,train
ariel_3_06.wav,6.5280625,train
ariel_3_07.wav,7.3920625,train
ariel_3_08.wav,8.0024375,train
ariel_4_01.wav,7.584,train
ariel_4_02.wav,6.930375,train
ariel_4_03.wav,3.633375,train
ariel_4_04.wav,6.7840625,train
ariel_4_05.wav,9.6640625,train
ariel_4_06.wav,11.7120625,train
ariel_4_07.wav,10.6880625,train
ariel_4_08.wav,10.1453125,train
ariel_5_01.wav,6.72,train
ariel_5_02.wav,11.2320625,train
ariel_5_03.wav,6.1120625,train
ariel_5_04.wav,6.0160625,train
ariel_5_05.wav,6.2080625,train
ariel_5_06.wav,6.9440625,train
ariel_5_07.wav,8.1600625,train
ariel_5_08.wav,8.5086875,train
bobon_1_01.wav,6.976,train
bobon_1_02.wav,6.2400625,train
bobon_1_03.wav,7.5840625,train
bobon_1_04.wav,6.1440625,train
bobon_1_05.wav,7.4240625,train
bobon_1_06.wav,6.9120625,train
bobon_1_07.wav,6.3680625,train
bobon_1_08.wav,11.8400625,train
bobon_1_09.wav,7.2320625,train
bobon_1_10.wav,8.1156875,train
bobon_2_01.wav,11.648,train
bobon_2_02.wav,10.4640625,train
bobon_2_03.wav,11.0400625,train
bobon_2_04.wav,7.4240625,train
bobon_2_05.wav,6.6880625,train
bobon_2_06.wav,8.0640625,train
bobon_2_07.wav,6.8160625,train
bobon_2_08.wav,8.622625,train
bobon_3_01.wav,6.4,train
bobon_3_02.wav,6.6240625,train
bobon_3_03.wav,11.9680625,train
bobon_3_04.wav,10.4320625,train
bobon_3_05.wav,6.5600625,train
bobon_3_06.wav,6.0480625,train
bobon_3_07.wav,6.6560625,train
bobon_3_08.wav,4.4394375,train
bobon_3_09.wav,5.75025,train
bobon_3_10.wav,10.01425,train
bobon_4_01.wav,6.304,train
bobon_4_02.wav,8.0000625,train
bobon_4_03.wav,7.2320625,train
bobon_4_04.wav,6.0160625,train
bobon_4_05.wav,8.7040625,train
bobon_4_06.wav,8.1920625,train
bobon_4_07.wav,8.7040625,train
bobon_4_08.wav,10.7520625,train
bobon_4_09.wav,6.0160625,train
bobon_4_10.wav,6.6359375,train
bobon_5_01.wav,6.656,train
bobon_5_02.wav,6.4640625,train
bobon_5_03.wav,6.8800625,train
bobon_5_04.wav,6.0480625,train
bobon_5_05.wav,9.7920625,train
bobon_5_06.wav,9.8560625,train
bobon_5_07.wav,6.6560625,train
bobon_5_08.wav,8.6400625,train
bobon_5_09.wav,3.8924375,train
bobon_5_10.wav,9.277125,train
bobon_5_11.wav,8.8320625,train
bobon_5_12.wav,6.449625,train
bug_1_07.wav,7.9360625,train
bug_1_08.wav,8.0960625,train
bug_1_09.wav,7.2960625,train
bug_1_10.wav,9.261875,train
bug_2_01.wav,7.04,train
bug_2_02.wav,6.3040625,train
bug_2_03.wav,7.1040625,train
bug_2_04.wav,8.1280625,train
bug_2_05.wav,8.4800625,train
bug_2_06.wav,7.0400625,train
bug_2_07.wav,6.1760625,train
bug_2_08.wav,9.1789375,train
bug_3_01.wav,10.336,train
bug_3_02.wav,6.4320625,train
bug_3_03.wav,9.5040625,train
bug_3_04.wav,10.7520625,train
bug_3_05.wav,10.1440625,train
bug_3_06.wav,10.7840625,train
bug_3_07.wav,11.7120625,train
bug_3_08.wav,9.6000625,train
bug_3_09.wav,11.2165,train
bug_4_01.wav,8.8,train
bug_4_02.wav,7.6156875,train
bug_4_03.wav,6.1938125,train
bug_5_01.wav,6.08,train
bug_5_02.wav,11.9676875,train
bug_5_03.wav,7.1356875,train
bug_5_04.wav,10.56,train
bug_5_05.wav,6.3356875,train
bug_5_06.wav,6.113875,train
bug_5_07.wav,4.3283125,train
bug_5_08.wav,10.624,train
bug_5_09.wav,6.272,train
bug_5_10.wav,8.2876875,train
bug_5_11.wav,7.264,train
bug_5_12.wav,8.1276875,train
bug_5_13.wav,6.3676875,train
bug_5_14.wav,6.562125,train
davidson_1_01.wav,7.68,train
davidson_1_02.wav,7.6480625,train
davidson_1_03.wav,6.2080625,train
davidson_1_04.wav,7.9360625,train
davidson_1_05.wav,9.6640625,train
davidson_1_06.wav,10.9760625,train
davidson_1_07.wav,7.6160625,train
davidson_1_08.wav,6.4000625,train
davidson_1_09.wav,7.6800625,train
davidson_1_10.wav,8.9616875,train
davidson_2_01.wav,7.648,train
davidson_2_02.wav,6.8480625,train
davidson_2_03.wav,6.7840625,train
davidson_2_04.wav,9.7600625,train
davidson_2_05.wav,9.6640625,train
davidson_2_06.wav,8.6720625,train
davidson_2_07.wav,11.0720625,train
davidson_2_08.wav,8.1920625,train
davidson_2_09.wav,6.0160625,train
davidson_2_10.wav,10.9299375,train
davidson_3_01.wav,10.24,train
davidson_3_02.wav,6.2720625,train
davidson_3_03.wav,6.9440625,train
davidson_3_04.wav,10.5920625,train
davidson_3_05.wav,6.5280625,train
davidson_3_06.wav,6.6240625,train
davidson_3_07.wav,7.8720625,train
davidson_3_08.wav,6.6240625,train
davidson_3_09.wav,9.8880625,train
davidson_3_10.wav,10.0480625,train
davidson_3_11.wav,6.5920625,train
davidson_3_12.wav,9.9840625,train
davidson_3_13.wav,6.5600625,train
davidson_3_14.wav,6.05025,train
davidson_4_01.wav,8.864,train
davidson_4_02.wav,8.6080625,train
davidson_4_03.wav,8.7040625,train
davidson_4_04.wav,6.9120625,train
davidson_4_05.wav,8.7680625,train
davidson_4_06.wav,8.6720625,train
davidson_4_07.wav,8.9496875,train
davidson_5_01.wav,7.872,train
davidson_5_02.wav,6.6240625,train
davidson_5_03.wav,7.2000625,train
davidson_5_04.wav,7.6160625,train
davidson_5_05.wav,7.1040625,train
davidson_5_06.wav,11.1680625,train
davidson_5_07.wav,6.2400625,train
davidson_5_08.wav,10.9760625,train
davidson_5_09.wav,6.7840625,train
davidson_5_10.wav,7.5520625,train
davidson_5_11.wav,8.405375,train
fdps_1_01.wav,8.0,train
fdps_1_02.wav,6.4000625,train
fdps_1_03.wav,6.4000625,train
fdps_1_04.wav,6.1120625,train
fdps_1_05.wav,7.9360625,train
fdps_1_06.wav,7.6800625,train
fdps_1_07.wav,6.6560625,train
fdps_1_08.wav,9.6320625,train
fdps_1_09.wav,7.6480625,train
fdps_1_10.wav,11.2000625,train
fdps_1_11.wav,9.4400625,train
fdps_1_12.wav,6.5600625,train
fdps_1_13.wav,7.0400625,train
fdps_1_14.wav,7.718,train
fdps_2_01.wav,7.584,train
fdps_2_02.wav,7.2000625,train
fdps_2_03.wav,7.2640625,train
fdps_2_04.wav,6.9760625,train
fdps_2_05.wav,7.3600625,train
fdps_2_06.wav,6.2720625,train
fdps_2_07.wav,8.7360625,train
fdps_2_08.wav,6.2720625,train
fdps_2_09.wav,7.0080625,train
fdps_2_10.wav,6.6560625,train
fdps_2_11.wav,7.8400625,train
fdps_2_12.wav,7.7394375,train
fdps_3_01.wav,9.632,train
fdps_3_02.wav,9.8880625,train
fdps_3_03.wav,8.1280625,train
fdps_3_04.wav,6.0800625,train
fdps_3_05.wav,6.0480625,train
fdps_3_06.wav,6.9760625,train
fdps_3_07.wav,7.1410625,train
fdps_4_01.wav,10.464,train
fdps_4_02.wav,10.9120625,train
fdps_4_03.wav,10.7840625,train
fdps_4_04.wav,11.1360625,train
fdps_4_05.wav,9.4080625,train
fdps_4_06.wav,11.2879375,train
fdps_5_01.wav,9.376,train
fdps_5_02.wav,11.6480625,train
fdps_5_03.wav,10.2400625,train
fdps_5_04.wav,9.1520625,train
fdps_5_05.wav,7.6480625,train
fdps_5_06.wav,10.4640625,train
fdps_5_07.wav,9.9520625,train
fdps_5_08.wav,8.5440625,train
fdps_5_09.wav,7.6653125,train
geniusturtle_1_01.wav,11.328,train
geniusturtle_1_02.wav,11.4560625,train
geniusturtle_1_03.wav,10.5600625,train
geniusturtle_1_04.wav,6.1440625,train
geniusturtle_1_05.wav,11.3280625,train
geniusturtle_1_06.wav,6.0160625,train
geniusturtle_1_07.wav,10.8800625,train
geniusturtle_1_08.wav,5.719625,train
geniusturtle_1_09.wav,6.816625,train
geniusturtle_2_01.wav,10.336,train
geniusturtle_2_02.wav,9.5360625,train
geniusturtle_2_05.wav,11.8720625,train
geniusturtle_2_06.wav,9.7920625,train
geniusturtle_2_07.wav,4.822,train
geniusturtle_2_08.wav,9.644,train
geniusturtle_3_01.wav,7.136,train
geniusturtle_3_02.wav,6.5280625,train
geniusturtle_3_03.wav,8.6720625,train
geniusturtle_3_04.wav,6.8160625,train
geniusturtle_3_05.wav,8.4480625,train
geniusturtle_3_06.wav,6.4320625,train
geniusturtle_3_07.wav,7.4560625,train
geniusturtle_3_08.wav,8.97025,train
geniusturtle_4_01.wav,7.2,train
geniusturtle_4_02.wav,6.5920625,train
geniusturtle_4_03.wav,7.3600625,train
geniusturtle_4_04.wav,6.6560625,train
geniusturtle_4_05.wav,7.5200625,train
geniusturtle_4_06.wav,6.6240625,train
geniusturtle_4_07.wav,7.0720625,train
geniusturtle_4_08.wav,7.1680625,train
geniusturtle_4_09.wav,7.3600625,train
geniusturtle_4_10.wav,6.2400625,train
geniusturtle_4_11.wav,8.2240625,train
geniusturtle_4_12.wav,7.2124375,train
geniusturtle_5_01.wav,10.88,train
geniusturtle_5_02.wav,10.9440625,train
geniusturtle_5_03.wav,10.6880625,train
geniusturtle_5_04.wav,11.4575,train
geniusturtle_6_01.wav,10.336,train
geniusturtle_6_02.wav,10.2720625,train
geniusturtle_6_03.wav,10.2400625,train
geniusturtle_6_04.wav,9.6320625,train
geniusturtle_6_05.wav,10.0480625,train
geniusturtle_6_06.wav,8.2560625,train
geniusturtle_6_07.wav,9.0395625,train
geniusturtle_7_01.wav,7.712,train
geniusturtle_7_02.wav,8.0640625,train
geniusturtle_7_03.wav,7.2000625,train
geniusturtle_7_04.wav,7.7760625,train
geniusturtle_7_05.wav,8.2240625,train
geniusturtle_7_06.wav,11.1680625,train
geniusturtle_7_07.wav,11.4880625,train
geniusturtle_7_08.wav,8.1920625,train
geniusturtle_7_09.wav,7.5840625,train
geniusturtle_7_10.wav,8.2240625,train
geniusturtle_7_11.wav,7.1040625,train
geniusturtle_7_12.wav,8.0960625,train
geniusturtle_7_13.wav,7.4560625,train
geniusturtle_7_14.wav,8.3200625,train
geniusturtle_7_15.wav,10.1209375,train
geniusturtle_8_01.wav,6.432,train
geniusturtle_8_02.wav,6.4320625,train
geniusturtle_8_03.wav,8.9920625,train
geniusturtle_8_04.wav,7.9680625,train
geniusturtle_8_05.wav,9.7920625,train
geniusturtle_8_06.wav,9.5040625,train
geniusturtle_8_07.wav,7.3920625,train
geniusturtle_8_08.wav,8.313625,train
heycat_1_01.wav,7.753375,train
heycat_1_02.wav,5.7328125,train
heycat_1_03.wav,9.6640625,train
heycat_1_04.wav,7.0080625,train
heycat_1_05.wav,8.1280625,train
heycat_1_06.wav,7.2000625,train
heycat_1_07.wav,6.1120625,train
heycat_1_08.wav,10.0306875,train
heycat_2_01.wav,12.032,train
heycat_2_02.wav,6.0800625,train
heycat_2_03.wav,7.7440625,train
heycat_2_04.wav,6.5600625,train
heycat_2_05.wav,7.9680625,train
heycat_2_06.wav,11.5520625,train
heycat_2_07.wav,8.189125,train
heycat_3_01.wav,9.152,train
heycat_3_02.wav,6.7520625,train
heycat_3_03.wav,7.1680625,train
heycat_3_04.wav,10.4640625,train
heycat_3_05.wav,6.7200625,train
heycat_3_06.wav,6.4000625,train
heycat_3_07.wav,9.8560625,train
heycat_3_08.wav,6.691625,train
heycat_4_01.wav,6.496,train
heycat_4_02.wav,6.4640625,train
heycat_4_03.wav,7.8400625,train
heycat_4_04.wav,9.9840625,train
heycat_4_05.wav,7.0080625,train
heycat_4_06.wav,7.0080625,train
heycat_4_07.wav,7.2640625,train
heycat_4_08.wav,7.4560625,train
heycat_4_09.wav,6.3959375,train
heycat_5_01.wav,10.528,train
heycat_5_02.wav,6.3360625,train
heycat_5_03.wav,6.4640625,train
heycat_5_04.wav,6.4960625,train
heycat_5_05.wav,6.3680625,train
heycat_5_06.wav,6.6880625,train
heycat_5_07.wav,9.9520625,train
heycat_5_08.wav,10.4515625,train
jmzen_1_01.wav,9.248,train
jmzen_1_02.wav,6.5600625,train
jmzen_1_03.wav,11.4560625,train
jmzen_1_04.wav,7.3280625,train
jmzen_1_05.wav,7.4560625,train
jmzen_1_07.wav,11.4240625,train
jmzen_1_08.wav,6.1440625,train
jmzen_1_09.wav,6.9440625,train
jmzen_1_10.wav,4.8209375,train
jmzen_1_11.wav,7.45875,train
jmzen_1_12.wav,7.837,train
jmzen_2_01.wav,6.144,train
jmzen_2_02.wav,6.0480625,train
jmzen_2_03.wav,6.7520625,train
jmzen_2_04.wav,12.0000625,train
jmzen_2_06.wav,5.3738125,train
jmzen_2_07.wav,7.101125,train
jmzen_2_08.wav,11.4880625,train
jmzen_2_09.wav,11.6160625,train
jmzen_2_10.wav,6.3360625,train
jmzen_2_11.wav,8.8000625,train
jmzen_2_12.wav,9.911875,train
jmzen_3_01.wav,6.624,train
jmzen_3_02.wav,8.1600625,train
jmzen_3_03.wav,7.2000625,train
jmzen_3_04.wav,6.4320625,train
jmzen_3_05.wav,9.5040625,train
jmzen_3_06.wav,6.1760625,train
jmzen_3_07.wav,10.6240625,train
jmzen_3_08.wav,7.6160625,train
jmzen_3_09.wav,8.7040625,train
jmzen_3_10.wav,11.3920625,train
jmzen_3_11.wav,6.975125,train
jmzen_4_01.wav,10.88,train
jmzen_4_02.wav,10.7520625,train
jmzen_4_03.wav,11.4560625,train
jmzen_4_04.wav,10.1120625,train
jmzen_4_05.wav,10.0480625,train
jmzen_4_06.wav,8.3840625,train
jmzen_4_07.wav,6.4320625,train
jmzen_4_08.wav,7.2320625,train
jmzen_4_09.wav,8.4160625,train
jmzen_4_10.wav,11.0215,train
jmzen_5_01.wav,9.088,train
jmzen_5_02.wav,7.2320625,train
jmzen_5_03.wav,6.8480625,train
jmzen_5_04.wav,9.3440625,train
jmzen_5_05.wav,7.0080625,train
jmzen_5_06.wav,8.7360625,train
jmzen_5_07.wav,8.6080625,train
jmzen_5_08.wav,7.9680625,train
jmzen_5_09.wav,10.7434375,train
khair_1_01.wav,6.592,train
khair_1_02.wav,6.8800625,train
khair_1_03.wav,7.2320625,train
khair_1_04.wav,10.5280625,train
khair_1_05.wav,8.5760625,train
khair_1_06.wav,6.7840625,train
khair_1_07.wav,7.0080625,train
khair_1_08.wav,7.1005,train
khair_2_01.wav,6.4,train
khair_2_02.wav,7.2320625,train
khair_2_03.wav,10.3360625,train
khair_2_04.wav,10.6560625,train
khair_2_05.wav,9.1520625,train
khair_2_06.wav,6.8800625,train
khair_2_07.wav,10.3839375,train
khair_3_01.wav,7.488,train
khair_3_02.wav,7.5200625,train
khair_3_03.wav,6.5920625,train
khair_3_04.wav,11.0720625,train
khair_3_05.wav,11.8720625,train
khair_3_06.wav,8.2880625,train
khair_3_07.wav,8.5959375,train
khair_4_01.wav,8.416,train
khair_4_02.wav,6.2400625,train
khair_4_03.wav,8.1920625,train
khair_4_04.wav,7.4880625,train
khair_4_05.wav,8.6080625,train
khair_4_06.wav,6.2080625,train
khair_4_07.wav,8.9280625,train
khair_4_08.wav,7.2344375,train
khair_5_01.wav,8.704,train
khair_5_02.wav,7.9680625,train
khair_5_03.wav,7.5840625,train
khair_5_04.wav,8.9280625,train
khair_5_05.wav,11.4560625,train
khair_5_06.wav,7.9360625,train
khair_5_07.wav,8.228,train
khair_6_01.wav,11.84,train
khair_6_02.wav,6.6240625,train
khair_6_03.wav,8.4800625,train
khair_6_04.wav,7.2000625,train
khair_6_05.wav,6.3040625,train
khair_6_06.wav,10.1120625,train
khair_6_07.wav,10.2231875,train
leon_1_01.wav,7.168,train
leon_1_02.wav,6.5600625,train
leon_1_03.wav,8.0640625,train
leon_1_04.wav,8.2240625,train
leon_1_05.wav,6.5920625,train
leon_1_06.wav,6.2720625,train
leon_1_07.wav,8.0000625,train
leon_1_08.wav,8.0640625,train
leon_1_09.wav,7.0400625,train
leon_1_10.wav,6.4960625,train
leon_1_11.wav,9.2480625,train
leon_1_12.wav,10.3766875,train
leon_2_01.wav,6.496,train
leon_2_02.wav,7.4240625,train
leon_2_03.wav,9.1200625,train
leon_2_04.wav,10.7200625,train
leon_2_05.wav,6.4960625,train
leon_2_06.wav,6.52325,train
leon_2_07.wav,6.764875,train
leon_2_08.wav,6.6038125,train
leon_2_09.wav,6.09725,train
leon_2_10.wav,7.4560625,train
leon_2_11.wav,7.69875,train
leon_3_01.wav,7.072,train
leon_3_02.wav,6.1440625,train
leon_3_03.wav,7.6480625,train
leon_3_04.wav,6.0160625,train
leon_3_05.wav,6.6560625,train
leon_3_06.wav,7.8400625,train
leon_3_07.wav,7.7760625,train
leon_3_08.wav,7.9360625,train
leon_3_09.wav,9.0560625,train
leon_3_10.wav,11.9360625,train
leon_3_11.wav,7.5520625,train
leon_3_12.wav,7.7760625,train
leon_3_13.wav,10.392875,train
leon_4_01.wav,10.144,train
leon_4_02.wav,8.1280625,train
leon_4_03.wav,11.1360625,train
leon_4_04.wav,8.4800625,train
leon_4_05.wav,9.2480625,train
leon_4_06.wav,8.6080625,train
leon_4_07.wav,10.9760625,train
leon_4_08.wav,7.782875,train
leon_5_01.wav,6.304,train
leon_5_02.wav,6.2400625,train
leon_5_03.wav,6.0800625,train
leon_5_04.wav,6.4000625,train
leon_5_05.wav,6.2491875,train
leon_5_06.wav,5.79975,train
leon_5_07.wav,6.7520625,train
leon_5_08.wav,7.7440625,train
leon_5_09.wav,6.9440625,train
leon_5_10.wav,6.9120625,train
leon_5_11.wav,7.2640625,train
leon_5_12.wav,6.1249375,train
leon_6_01.wav,8.256,train
leon_6_02.wav,9.9520625,train
leon_6_03.wav,9.8240625,train
leon_6_04.wav,8.6720625,train
leon_6_05.wav,9.7920625,train
leon_6_06.wav,7.6160625,train
leon_6_07.wav,6.0160625,train
leon_6_08.wav,6.9440625,train
leon_6_09.wav,6.0548125,train
leon_7_01.wav,8.096,train
leon_7_02.wav,6.1440625,train
leon_7_03.wav,7.8400625,train
leon_7_04.wav,7.4880625,train
leon_7_05.wav,9.0880625,train
leon_7_06.wav,9.1200625,train
leon_7_07.wav,7.1360625,train
leon_7_08.wav,8.2240625,train
leon_7_09.wav,6.2080625,train
leon_7_10.wav,8.9600625,train
leon_7_11.wav,7.9360625,train
leon_7_12.wav,8.4800625,train
leon_7_13.wav,11.92175,train
leon_8_01.wav,7.136,train
leon_8_02.wav,6.2400625,train
leon_8_03.wav,6.8480625,train
leon_8_04.wav,9.1200625,train
leon_8_05.wav,6.4640625,train
leon_8_06.wav,6.1760625,train
leon_8_07.wav,9.6320625,train
leon_8_08.wav,7.0400625,train
leon_8_09.wav,6.2400625,train
leon_8_10.wav,11.4240625,train
leon_8_11.wav,7.6160625,train
leon_8_12.wav,9.6320625,train
leon_8_13.wav,10.1693125,train
leon_9_01.wav,10.048,train
leon_9_02.wav,9.5680625,train
leon_9_03.wav,10.5280625,train
leon_9_04.wav,9.7280625,train
leon_9_05.wav,10.3360625,train
leon_9_06.wav,10.5435,train
stool_1_01.wav,7.296,train
stool_1_02.wav,6.9440625,train
stool_1_03.wav,9.4720625,train
stool_1_04.wav,6.7520625,train
stool_1_05.wav,9.5360625,train
stool_1_06.wav,6.7200625,train
stool_1_07.wav,9.0880625,train
stool_1_08.wav,7.5175625,train
stool_1_09.wav,4.034125,train
stool_2_01.wav,9.024,train
stool_2_02.wav,7.1680625,train
stool_2_03.wav,9.4080625,train
stool_2_04.wav,7.4240625,train
stool_2_05.wav,9.2480625,train
stool_2_06.wav,6.6880625,train
stool_2_07.wav,8.5440625,train
stool_2_08.wav,8.18225,train
stool_3_01.wav,7.648,train
stool_3_02.wav,11.6480625,train
stool_3_03.wav,9.6640625,train
stool_3_04.wav,6.1760625,train
stool_3_05.wav,6.1440625,train
stool_3_06.wav,6.4320625,train
stool_3_07.wav,7.4240625,train
stool_3_08.wav,11.7760625,train
stool_3_09.wav,8.3200625,train
stool_3_10.wav,7.1145625,train
stool_4_01.wav,6.048,train
stool_4_02.wav,6.0480625,train
stool_4_03.wav,10.5600625,train
stool_4_04.wav,8.4480625,train
stool_4_05.wav,6.2400625,train
stool_4_06.wav,5.1151875,train
stool_4_07.wav,5.38425,train
stool_4_08.wav,11.4560625,train
stool_4_09.wav,11.3600625,train
stool_4_10.wav,11.68025,train
stool_5_01.wav,11.008,train
stool_5_02.wav,6.9760625,train
stool_5_03.wav,7.3920625,train
stool_5_04.wav,10.3680625,train
stool_5_05.wav,11.0720625,train
stool_5_06.wav,11.4560625,train
stool_5_07.wav,6.9760625,train
stool_5_08.wav,7.30025,train
tammy_1_01.wav,11.232,train
tammy_1_02.wav,9.6640625,train
tammy_1_03.wav,7.3280625,train
tammy_1_04.wav,7.5200625,train
tammy_1_05.wav,6.4320625,train
tammy_1_06.wav,7.8400625,train
tammy_1_07.wav,6.6880625,train
tammy_1_08.wav,6.5968125,train
titon_1_01.wav,8.032,train
titon_1_02.wav,7.0720625,train
titon_1_03.wav,11.6480625,train
titon_1_04.wav,7.7120625,train
titon_1_05.wav,6.2080625,train
titon_1_06.wav,6.1120625,train
titon_1_07.wav,8.7360625,train
titon_1_08.wav,9.6835,train
titon_2_01.wav,10.72,train
titon_2_02.wav,9.9840625,train
titon_2_03.wav,10.2080625,train
titon_2_04.wav,7.4560625,train
titon_2_05.wav,6.8160625,train
titon_2_06.wav,6.7200625,train
titon_2_07.wav,10.5280625,train
titon_2_08.wav,10.5920625,train
titon_2_09.wav,10.8959375,train
titon_3_01.wav,8.0,train
titon_3_02.wav,11.9360625,train
titon_3_03.wav,11.7440625,train
titon_3_04.wav,10.2720625,train
titon_3_05.wav,6.1760625,train
titon_3_06.wav,7.2000625,train
titon_3_07.wav,10.5600625,train
titon_3_08.wav,6.6458125,train
titon_4_01.wav,6.816,train
titon_4_02.wav,7.3600625,train
titon_4_03.wav,8.3520625,train
titon_4_04.wav,10.8800625,train
titon_4_05.wav,6.2400625,train
titon_4_06.wav,7.6160625,train
titon_4_07.wav,11.0080625,train
titon_4_08.wav,7.2960625,train
titon_4_09.wav,9.1520625,train
titon_4_10.wav,10.4640625,train
titon_4_11.wav,7.0416875,train
titon_5_01.wav,6.016,train
titon_5_02.wav,6.2720625,train
titon_5_03.wav,7.6160625,train
titon_5_04.wav,6.7200625,train
titon_5_05.wav,11.5200625,train
titon_5_06.wav,7.3600625,train
titon_5_07.wav,5.4335,train
titon_5_08.wav,6.1938125,train
titon_5_09.wav,6.5236875,train
yifen_1_01.wav,5.088,train
yifen_1_02.wav,6.9120625,train
yifen_1_03.wav,5.5040625,train
yifen_1_04.wav,5.6960625,train
yifen_1_05.wav,5.0240625,train
yifen_1_06.wav,5.5680625,train
yifen_1_07.wav,7.9680625,train
yifen_1_08.wav,5.5360625,train
yifen_1_09.wav,5.7280625,train
yifen_1_10.wav,5.4080625,train
yifen_1_11.wav,8.0960625,train
yifen_1_12.wav,7.3600625,train
yifen_1_13.wav,7.9040625,train
yifen_1_14.wav,5.4720625,train
yifen_1_15.wav,5.1840625,train
yifen_1_16.wav,5.0666875,train
yifen_2_01.wav,7.712,train
yifen_2_02.wav,5.7280625,train
yifen_2_03.wav,6.0800625,train
yifen_2_04.wav,5.6320625,train
yifen_2_05.wav,6.1120625,train
yifen_2_06.wav,6.0800625,train
yifen_2_07.wav,5.9520625,train
yifen_2_08.wav,8.1280625,train
yifen_2_09.wav,6.7520625,train
yifen_2_10.wav,5.9200625,train
yifen_2_11.wav,6.2720625,train
yifen_2_12.wav,7.7760625,train
yifen_2_13.wav,9.9200625,train
yifen_2_14.wav,6.2080625,train
yifen_2_15.wav,7.2659375,train
yifen_3_01.wav,5.6,train
yifen_3_02.wav,5.7920625,train
yifen_3_03.wav,5.0880625,train
yifen_3_04.wav,5.0560625,train
yifen_3_05.wav,6.4320625,train
yifen_3_06.wav,8.4480625,train
yifen_3_07.wav,7.0400625,train
yifen_3_08.wav,9.5360625,train
yifen_3_09.wav,5.0240625,train
yifen_3_10.wav,8.2560625,train
yifen_3_11.wav,4.9920625,train
yifen_3_12.wav,9.6078125,train
yifen_4_01.wav,7.744,train
yifen_4_02.wav,9.3760625,train
yifen_4_03.wav,9.0560625,train
yifen_4_04.wav,7.0720625,train
yifen_4_05.wav,6.3680625,train
yifen_4_06.wav,6.5920625,train
yifen_4_07.wav,5.5680625,train
yifen_4_08.wav,6.5920625,train
yifen_4_09.wav,9.9520625,train
yifen_4_10.wav,6.5920625,train
yifen_4_11.wav,6.890875,train
yifen_5_01.wav,5.408,train
yifen_5_02.wav,5.0240625,train
yifen_5_03.wav,6.8160625,train
yifen_5_04.wav,5.0880625,train
yifen_5_05.wav,7.4560625,train
yifen_5_06.wav,5.5360625,train
yifen_5_07.wav,8.7040625,train
yifen_5_08.wav,9.7920625,train
yifen_5_09.wav,7.9680625,train
yifen_5_10.wav,4.4650625,train
yifen_5_11.wav,4.4970625,train